{
  "id": "6d590115-c6a9-42a1-9c73-17fe6bc9b842",
  "generation": 3,
  "iteration": 20,
  "current_iteration": 20,
  "metrics": {
    "engagement": 0.5,
    "relevance": 0.5999999999999999,
    "authenticity": 0.48,
    "clarity": 0.5799999999999998,
    "llm_readability": 0.09000000000000001,
    "llm_maintainability": 0.08000000000000002,
    "llm_efficiency": 0.07500000000000001
  },
  "language": "python",
  "timestamp": 1753954646.3255339,
  "saved_at": 1753954646.3435562
}