{
  "id": "aae1e6e0-d8f7-4f9e-b225-8a5dacc50d86",
  "generation": 1,
  "iteration": 0,
  "current_iteration": 0,
  "metrics": {
    "engagement": 0.29,
    "informativeness": 0.3,
    "brand_alignment": 0.21999999999999997,
    "persuasiveness": 0.25,
    "clarity": 0.29,
    "llm_readability": 0.09000000000000001,
    "llm_maintainability": 0.08000000000000002,
    "llm_efficiency": 0.06999999999999999
  },
  "language": "python",
  "timestamp": 1753873247.7025018,
  "saved_at": 1753873247.710898
}