{
  "id": "b3d7f710-9acf-426d-b360-259362a06e3e",
  "generation": 3,
  "iteration": 22,
  "timestamp": 1753955329.604825,
  "parent_id": "0c65c33a-9114-43ad-8e92-ba741e969091",
  "metrics": {
    "engagement": 0.5,
    "relevance": 0.5999999999999999,
    "authenticity": 0.4800000000000001,
    "clarity": 0.58,
    "llm_readability": 0.09000000000000001,
    "llm_maintainability": 0.085,
    "llm_efficiency": 0.07500000000000001
  },
  "language": "python",
  "saved_at": 1753957112.165914
}