{
  "id": "cf25a497-025a-4aab-b4f8-3d04ce0f8f93",
  "generation": 2,
  "iteration": 3,
  "current_iteration": 10,
  "metrics": {
    "engagement": 0.3,
    "informativeness": 0.32999999999999996,
    "brand_alignment": 0.25,
    "persuasiveness": 0.27,
    "clarity": 0.32,
    "llm_readability": 0.09000000000000001,
    "llm_maintainability": 0.085,
    "llm_efficiency": 0.08000000000000002
  },
  "language": "python",
  "timestamp": 1753873357.0721622,
  "saved_at": 1753873573.3971572
}