{
  "id": "797c8fb0-b7c0-483b-8311-77194964dcc7",
  "generation": 0,
  "iteration": 0,
  "timestamp": 1753874480.1262069,
  "parent_id": null,
  "metrics": {
    "intent_accuracy": 0.08,
    "clarity": 0.06999999999999999,
    "relevance": 0.06,
    "consistency": 0.06999999999999999,
    "usefulness": 0.06,
    "llm_readability": 0.09000000000000001,
    "llm_maintainability": 0.08000000000000002,
    "llm_efficiency": 0.06999999999999999
  },
  "language": "python",
  "saved_at": 1753874511.963349
}