{
  "id": "d72404ca-9cf7-4508-9579-a2fbe530bbfb",
  "generation": 4,
  "iteration": 18,
  "timestamp": 1753873820.315244,
  "parent_id": "1a5537ad-52b4-449b-9b17-5b78aa3fd31e",
  "metrics": {
    "engagement": 0.41,
    "informativeness": 0.43999999999999995,
    "brand_alignment": 0.31999999999999995,
    "persuasiveness": 0.37,
    "clarity": 0.43,
    "llm_readability": 0.09000000000000001,
    "llm_maintainability": 0.085,
    "llm_efficiency": 0.07500000000000001
  },
  "language": "python",
  "saved_at": 1753873847.071931
}