{
  "id": "6dc46c39-f9ca-4b00-a7dd-305ef2be9723",
  "generation": 1,
  "iteration": 3,
  "current_iteration": 15,
  "metrics": {
    "engagement": 0.5,
    "relevance": 0.5999999999999999,
    "authenticity": 0.4600000000000001,
    "clarity": 0.57,
    "llm_readability": 0.09000000000000001,
    "llm_maintainability": 0.085,
    "llm_efficiency": 0.08000000000000002
  },
  "language": "python",
  "timestamp": 1753952112.55416,
  "saved_at": 1753954007.024477
}