{
  "id": "2fc1b4d4-66ea-4a90-814b-2656f77284ac",
  "generation": 0,
  "iteration": 0,
  "current_iteration": 0,
  "metrics": {
    "engagement": 0.5,
    "relevance": 0.5999999999999999,
    "authenticity": 0.45,
    "clarity": 0.55,
    "llm_readability": 0.09000000000000001,
    "llm_maintainability": 0.08000000000000002,
    "llm_efficiency": 0.06999999999999999
  },
  "language": "python",
  "timestamp": 1753951814.401854,
  "saved_at": 1753951836.877387
}