{
  "id": "2234ae56-32fd-4655-8817-4b55341d2177",
  "generation": 2,
  "iteration": 10,
  "current_iteration": 10,
  "metrics": {
    "accuracy": 0.4,
    "clarity": 0.9,
    "effectiveness": 0.8099999999999999,
    "consistency": 0.75
  },
  "language": "python",
  "timestamp": 1753972974.253616,
  "saved_at": 1753972974.267051
}